{"initial_reset_timestamp": 1634578124.3218808, "timestamps": [1634578132.0500221, 1634578136.0783885, 1634578149.2717984, 1634578161.3752222, 1634578164.8346875, 1634578168.0772479, 1634578174.7373533, 1634578178.5787213, 1634578183.0278773, 1634578186.9171045], "episode_lengths": [581, 287, 1000, 1000, 246, 234, 472, 268, 315, 275], "episode_rewards": [220.78991720645735, 275.0408860872199, -1.0865383587271837, 136.58163658425377, 265.34721909973024, 233.9806646213893, 156.53426563753567, 295.6733873361676, 254.8765575292742, 259.58603814844696], "episode_types": ["t", "t", "t", "t", "t", "t", "t", "t", "t", "t"]}