{"initial_reset_timestamp": 1634560373.0130212, "timestamps": [1634560379.4194443, 1634560385.920293, 1634560392.7263465], "episode_lengths": [500, 500, 500], "episode_rewards": [500.0, 500.0, 500.0], "episode_types": ["t", "t", "t"]}