{"initial_reset_timestamp": 1634748030.913183, "timestamps": [1634748038.2870605, 1634748046.8280358, 1634748052.5710826, 1634748055.8906398, 1634748064.2730818, 1634748068.126761, 1634748073.58416, 1634748079.3351152, 1634748085.0026495, 1634748089.46116], "episode_lengths": [583, 613, 409, 233, 654, 276, 439, 292, 415, 309], "episode_rewards": [185.92246935759403, 78.4026044115473, 241.20893473788732, 21.4504712361948, 177.90001427980403, 260.48555556980415, 299.5322805689225, -35.39967480468084, 258.30158319027396, 305.3653676201767], "episode_types": ["t", "t", "t", "t", "t", "t", "t", "t", "t", "t"]}