{"initial_reset_timestamp": 1634585178.479322, "timestamps": [1634585188.1293778, 1634585194.0925274, 1634585198.3706317, 1634585204.9062047, 1634585208.5726302, 1634585213.5031464, 1634585219.7314615, 1634585226.23239, 1634585235.5511885, 1634585240.2742844], "episode_lengths": [766, 426, 301, 466, 265, 358, 446, 459, 674, 337], "episode_rewards": [155.10848760991124, 205.02509263998115, 186.87345447517873, -13.28305985573789, 297.1885706611925, 195.1663308837228, 183.04327476073047, 200.84381958046092, 147.0524075886184, 263.90563798400535], "episode_types": ["t", "t", "t", "t", "t", "t", "t", "t", "t", "t"]}