{"initial_reset_timestamp": 1634909232.0277224, "timestamps": [1634909237.6002, 1634909243.8693488, 1634909249.9740777], "episode_lengths": [500, 500, 500], "episode_rewards": [500.0, 500.0, 500.0], "episode_types": ["t", "t", "t"]}