{"initial_reset_timestamp": 1634909212.4406257, "timestamps": [1634909218.5157492, 1634909225.1181684, 1634909231.9525404], "episode_lengths": [500, 500, 500], "episode_rewards": [500.0, 500.0, 500.0], "episode_types": ["t", "t", "t"]}