{"initial_reset_timestamp": 1634909250.0480828, "timestamps": [1634909255.2307448, 1634909261.0779684, 1634909267.001316], "episode_lengths": [500, 500, 500], "episode_rewards": [500.0, 500.0, 500.0], "episode_types": ["t", "t", "t"]}