{"initial_reset_timestamp": 1634909712.7148998, "timestamps": [1634909716.7237437, 1634909721.1396198, 1634909727.0287282], "episode_lengths": [258, 316, 432], "episode_rewards": [214.0762329570063, 201.0702150040259, 171.52875862952288], "episode_types": ["t", "t", "t"]}