{"initial_reset_timestamp": 1634909681.083512, "timestamps": [1634909686.0359547, 1634909690.1969073, 1634909694.9197075], "episode_lengths": [331, 301, 335], "episode_rewards": [254.91172253506537, 263.6875556881349, 253.27251794655385], "episode_types": ["t", "t", "t"]}