{"initial_reset_timestamp": 1634909192.9506872, "timestamps": [1634909198.7648172, 1634909205.4591835, 1634909212.3562703], "episode_lengths": [500, 500, 500], "episode_rewards": [500.0, 500.0, 500.0], "episode_types": ["t", "t", "t"]}