{"initial_reset_timestamp": 1634909694.9960396, "timestamps": [1634909699.39419, 1634909707.035556, 1634909712.613236], "episode_lengths": [290, 533, 392], "episode_rewards": [292.3294913276943, 220.2751445165003, 288.6076789450806], "episode_types": ["t", "t", "t"]}