{"initial_reset_timestamp": 1634909644.1180332, "timestamps": [1634909658.2721784, 1634909667.029085, 1634909681.0015569], "episode_lengths": [1000, 620, 1000], "episode_rewards": [123.86040514087595, 223.3512162794167, 97.15665321319224], "episode_types": ["t", "t", "t"]}